{
    "name": "root",
    "gauges": {
        "SphereBeh.Policy.Entropy.mean": {
            "value": 1.154413104057312,
            "min": 1.154413104057312,
            "max": 1.414482831954956,
            "count": 135
        },
        "SphereBeh.Policy.Entropy.sum": {
            "value": 574.897705078125,
            "min": 520.117919921875,
            "max": 741.4132080078125,
            "count": 135
        },
        "SphereBeh.Environment.EpisodeLength.mean": {
            "value": 47.5,
            "min": 6.098591549295775,
            "max": 49.2,
            "count": 135
        },
        "SphereBeh.Environment.EpisodeLength.sum": {
            "value": 475.0,
            "min": 433.0,
            "max": 529.0,
            "count": 135
        },
        "SphereBeh.Step.mean": {
            "value": 67469.0,
            "min": 498.0,
            "max": 67469.0,
            "count": 135
        },
        "SphereBeh.Step.sum": {
            "value": 67469.0,
            "min": 498.0,
            "max": 67469.0,
            "count": 135
        },
        "SphereBeh.Policy.ExtrinsicValueEstimate.mean": {
            "value": 1.106985330581665,
            "min": -0.8991897106170654,
            "max": 1.3322882652282715,
            "count": 135
        },
        "SphereBeh.Policy.ExtrinsicValueEstimate.sum": {
            "value": 11.069853782653809,
            "min": -54.578086853027344,
            "max": 17.319747924804688,
            "count": 135
        },
        "SphereBeh.Environment.CumulativeReward.mean": {
            "value": 2.7955999612808227,
            "min": -0.6339079294885908,
            "max": 3.190315771102905,
            "count": 135
        },
        "SphereBeh.Environment.CumulativeReward.sum": {
            "value": 27.955999612808228,
            "min": -44.373555064201355,
            "max": 31.903157711029053,
            "count": 135
        },
        "SphereBeh.Policy.ExtrinsicReward.mean": {
            "value": 2.7955999612808227,
            "min": -0.6339079294885908,
            "max": 3.190315771102905,
            "count": 135
        },
        "SphereBeh.Policy.ExtrinsicReward.sum": {
            "value": 27.955999612808228,
            "min": -44.373555064201355,
            "max": 31.903157711029053,
            "count": 135
        },
        "SphereBeh.Losses.PolicyLoss.mean": {
            "value": 0.2661113586528079,
            "min": 0.21116047049233175,
            "max": 0.2821048461362394,
            "count": 135
        },
        "SphereBeh.Losses.PolicyLoss.sum": {
            "value": 0.7983340759584237,
            "min": 0.6539911385553961,
            "max": 1.3169360521973834,
            "count": 135
        },
        "SphereBeh.Losses.ValueLoss.mean": {
            "value": 0.20347909276181506,
            "min": 0.012529194373919656,
            "max": 0.7186241377338574,
            "count": 135
        },
        "SphereBeh.Losses.ValueLoss.sum": {
            "value": 0.6104372782854451,
            "min": 0.053268732582077837,
            "max": 2.8744965509354294,
            "count": 135
        },
        "SphereBeh.Policy.LearningRate.mean": {
            "value": 0.0002596422134526,
            "min": 0.0002596422134526,
            "max": 0.00029983935005355004,
            "count": 135
        },
        "SphereBeh.Policy.LearningRate.sum": {
            "value": 0.0007789266403577999,
            "min": 0.0007789266403577999,
            "max": 0.0014977644007451998,
            "count": 135
        },
        "SphereBeh.Policy.Epsilon.mean": {
            "value": 0.1865474,
            "min": 0.1865474,
            "max": 0.19994645,
            "count": 135
        },
        "SphereBeh.Policy.Epsilon.sum": {
            "value": 0.5596422,
            "min": 0.5596422,
            "max": 0.9992548000000001,
            "count": 135
        },
        "SphereBeh.Policy.Beta.mean": {
            "value": 0.00043408225999999996,
            "min": 0.00043408225999999996,
            "max": 0.0004997376050000002,
            "count": 135
        },
        "SphereBeh.Policy.Beta.sum": {
            "value": 0.0013022467799999999,
            "min": 0.0013022467799999999,
            "max": 0.0024963485199999995,
            "count": 135
        },
        "SphereBeh.IsTraining.mean": {
            "value": 1.0,
            "min": 1.0,
            "max": 1.0,
            "count": 135
        },
        "SphereBeh.IsTraining.sum": {
            "value": 1.0,
            "min": 1.0,
            "max": 1.0,
            "count": 135
        }
    },
    "metadata": {
        "timer_format_version": "0.1.0",
        "start_time_seconds": "1657219116",
        "python_version": "3.8.2 (default, Jun  8 2021, 11:59:35) \n[Clang 12.0.5 (clang-1205.0.22.11)]",
        "command_line_arguments": "/Users/mask/python-envs/mlagents-env/bin/mlagents-learn circle.yaml --run-id=sphere3 --force",
        "mlagents_version": "0.26.0",
        "mlagents_envs_version": "0.26.0",
        "communication_protocol_version": "1.5.0",
        "pytorch_version": "1.8.1",
        "numpy_version": "1.21.2",
        "end_time_seconds": "1657219857"
    },
    "total": 740.9503057999999,
    "count": 1,
    "self": 0.01196289799997885,
    "children": {
        "run_training.setup": {
            "total": 0.05082310500000009,
            "count": 1,
            "self": 0.05082310500000009
        },
        "TrainerController.start_learning": {
            "total": 740.887519797,
            "count": 1,
            "self": 1.0054927419921569,
            "children": {
                "TrainerController._reset_env": {
                    "total": 27.090364166,
                    "count": 1,
                    "self": 27.090364166
                },
                "TrainerController.advance": {
                    "total": 712.4914819410079,
                    "count": 35722,
                    "self": 0.9910130260064989,
                    "children": {
                        "env_step": {
                            "total": 608.5630760020006,
                            "count": 35722,
                            "self": 577.5143444049901,
                            "children": {
                                "SubprocessEnvManager._take_step": {
                                    "total": 30.43883860301009,
                                    "count": 35722,
                                    "self": 2.883856866012753,
                                    "children": {
                                        "TorchPolicy.evaluate": {
                                            "total": 27.554981736997338,
                                            "count": 34002,
                                            "self": 5.696997842006041,
                                            "children": {
                                                "TorchPolicy.sample_actions": {
                                                    "total": 21.857983894991296,
                                                    "count": 34002,
                                                    "self": 21.857983894991296
                                                }
                                            }
                                        }
                                    }
                                },
                                "workers": {
                                    "total": 0.6098929940004325,
                                    "count": 35721,
                                    "self": 0.0,
                                    "children": {
                                        "worker_root": {
                                            "total": 715.8469861760021,
                                            "count": 35721,
                                            "is_parallel": true,